firstName,lastName
Hunter,Drummond
Cole,Young
Jasmine,O'Balle
Mia,Chen
Nathan,Murasaki
Jan,Lyum
Rick,Perez
Anya,Smith
Duncan,Gorn
King,Wise
Prince,Igner
Ollie,Duncer
Dez,Ngoon
Prue,Shafik
Kazuto,Fumakia
Tariq,Yamashita
Liam,Yamamori
John,Orwell
Will,Hemingway
Matt,Austen
Matthew,Woolf
Loid,Rowling
Virat,Melvile
Akihiko,Wilde
Eli,King
George,MÃ¡rquez
Ernest,Tolstoy
Jane,Welch
Oscar,Fu
Gabriel,Anten
Virginia,
Herman,
Stephen,
Leo,
Sean,
Felix,
Mark,
Ian,
Jordan,
Rhett,
Link,
Arin,
Dan,
Ryan,
Evan,
Rafi,
Benny,
Mona,Lisa
Daniel,
Peter,
Lloyd,
Roman,
Thomas,
Dan H.,
Phil,
Logan,
Jake,
Finn,
Baja,